{
  "project_info": {
    "project_number": "190830206605",
    "project_id": "fir-17529",
    "storage_bucket": "fir-17529.firebasestorage.app"
  },
  "client": [
    {
      "client_info": {
        "mobilesdk_app_id": "1:190830206605:android:822fddad3c5131b863ccc4",
        "android_client_info": {
          "package_name": "com.example.developer"
        }
      },
      "oauth_client": [],
      "api_key": [
        {
          "current_key": "AIzaSyDW6YZrI1ygbym9ypZ83Uw9Ypt6a5dIKHA"
        }
      ],
      "services": {
        "appinvite_service": {
          "other_platform_oauth_client": []
        }
      }
    }
  ],
  "configuration_version": "1"
}