{"flutter":{"platforms":{"android":{"default":{"projectId":"fir-17529","appId":"1:190830206605:android:822fddad3c5131b863ccc4","fileOutput":"android/app/google-services.json"}},"dart":{"lib/firebase_options.dart":{"projectId":"fir-17529","configurations":{"android":"1:190830206605:android:822fddad3c5131b863ccc4","ios":"1:190830206605:ios:6e46b8b62238e27163ccc4","macos":"1:190830206605:ios:6e46b8b62238e27163ccc4","web":"1:190830206605:web:bf022e52e4c2c41563ccc4","windows":"1:190830206605:web:08fb1dc96851664c63ccc4"}}}}}}